id,gtfs_id,stop_id
0,ORLEANS:StopArea:00000102,0
1,ORLEANS:StopArea:01012804,1
2,ORLEANS:StopArea:00000200,2
3,ORLEANS:StopArea:00000501,3
4,ORLEANS:StopArea:00000502,4
5,ORLEANS:StopArea:01078001,5
6,ORLEANS:StopArea:01078002,6
7,ORLEANS:StopArea:00000521,7
8,ORLEANS:StopArea:00000520,8
9,ORLEANS:StopArea:00000601,9
10,ORLEANS:StopArea:00000600,10
11,ORLEANS:StopArea:00000650,11
12,ORLEANS:StopArea:00000651,12
13,ORLEANS:StopArea:01071001,13
14,ORLEANS:StopArea:01071002,14
15,ORLEANS:StopArea:TAMBER1,15
16,ORLEANS:StopArea:00000704,16
17,ORLEANS:StopArea:00000703,16
18,ORLEANS:StopArea:TAMBER2,17
19,ORLEANS:StopArea:00000904,18
20,ORLEANS:StopArea:00000905,19
21,ORLEANS:StopArea:00000801,20
22,ORLEANS:StopArea:00000800,21
23,ORLEANS:StopArea:00001020,22
24,ORLEANS:StopArea:00001021,23
25,ORLEANS:StopArea:00001001,24
26,ORLEANS:StopArea:00001000,25
27,ORLEANS:StopArea:01070201,26
28,ORLEANS:StopArea:01070202,27
29,ORLEANS:StopArea:00010081,28
30,ORLEANS:StopArea:00010080,29
31,ORLEANS:StopArea:00033800,30
32,ORLEANS:StopArea:00001086,31
33,ORLEANS:StopArea:00001085,32
34,ORLEANS:StopArea:00001200,33
35,ORLEANS:StopArea:00001201,34
36,ORLEANS:StopArea:00001220,35
37,ORLEANS:StopArea:00001223,36
38,ORLEANS:StopArea:00001300,37
39,ORLEANS:StopArea:00001301,38
40,ORLEANS:StopArea:01071101,39
41,ORLEANS:StopArea:01071102,40
42,ORLEANS:StopArea:00001401,41
43,ORLEANS:StopArea:00001400,42
44,ORLEANS:StopArea:00054601,43
45,ORLEANS:StopArea:00054600,44
46,ORLEANS:StopArea:00002901,45
47,ORLEANS:StopArea:00002900,46
48,ORLEANS:StopArea:00027601,47
49,ORLEANS:StopArea:00027600,48
50,ORLEANS:StopArea:00001601,49
51,ORLEANS:StopArea:00001600,50
52,ORLEANS:StopArea:00001720,51
53,ORLEANS:StopArea:00001721,52
54,ORLEANS:StopArea:00001810,53
55,ORLEANS:StopArea:00001811,54
56,ORLEANS:StopArea:00001820,55
57,ORLEANS:StopArea:00001821,56
58,ORLEANS:StopArea:01059904,57
59,ORLEANS:StopArea:01059903,58
60,ORLEANS:StopArea:00053400,59
61,ORLEANS:StopArea:00053401,60
62,ORLEANS:StopArea:00038701,61
63,ORLEANS:StopArea:00038700,62
64,ORLEANS:StopArea:00001900,63
65,ORLEANS:StopArea:00001901,64
66,ORLEANS:StopArea:00054202,65
67,ORLEANS:StopArea:00054203,66
68,ORLEANS:StopArea:01071802,67
69,ORLEANS:StopArea:01071801,68
70,ORLEANS:StopArea:00002021,69
71,ORLEANS:StopArea:00002020,70
72,ORLEANS:StopArea:00002200,71
73,ORLEANS:StopArea:00002201,72
74,ORLEANS:StopArea:TBEAUM2,73
75,ORLEANS:StopArea:TBEAUM1,74
76,ORLEANS:StopArea:00002306,75
77,ORLEANS:StopArea:00002305,76
78,ORLEANS:StopArea:00002451,77
79,ORLEANS:StopArea:00002452,78
80,ORLEANS:StopArea:00002520,79
81,ORLEANS:StopArea:00002521,80
82,ORLEANS:StopArea:00002700,81
83,ORLEANS:StopArea:01047402,82
84,ORLEANS:StopArea:00052101,83
85,ORLEANS:StopArea:00052100,84
86,ORLEANS:StopArea:01016406,85
87,ORLEANS:StopArea:00002750,86
88,ORLEANS:StopArea:01016405,87
89,ORLEANS:StopArea:01033604,88
90,ORLEANS:StopArea:00003000,89
91,ORLEANS:StopArea:01023405,90
92,ORLEANS:StopArea:00027901,91
93,ORLEANS:StopArea:00027910,92
94,ORLEANS:StopArea:00027911,93
95,ORLEANS:StopArea:00027905,94
96,ORLEANS:StopArea:00026721,95
97,ORLEANS:StopArea:00026720,96
98,ORLEANS:StopArea:00023303,97
99,ORLEANS:StopArea:00023302,98
100,ORLEANS:StopArea:00023400,99
101,ORLEANS:StopArea:00023401,100
102,ORLEANS:StopArea:00003200,101
103,ORLEANS:StopArea:00003201,102
104,ORLEANS:StopArea:01079402,103
105,ORLEANS:StopArea:01079401,104
106,ORLEANS:StopArea:00003401,105
107,ORLEANS:StopArea:00003400,106
108,ORLEANS:StopArea:00003450,107
109,ORLEANS:StopArea:00003501,108
110,ORLEANS:StopArea:00003500,109
111,ORLEANS:StopArea:00003601,110
112,ORLEANS:StopArea:00003600,111
113,ORLEANS:StopArea:00003701,112
114,ORLEANS:StopArea:00003700,113
115,ORLEANS:StopArea:TBOLIE2,114
116,ORLEANS:StopArea:00003725,114
117,ORLEANS:StopArea:00003726,115
118,ORLEANS:StopArea:01000205,116
119,ORLEANS:StopArea:TBOLIE1,117
120,ORLEANS:StopArea:00049800,118
121,ORLEANS:StopArea:00044601,119
122,ORLEANS:StopArea:00044600,120
123,ORLEANS:StopArea:00023601,121
124,ORLEANS:StopArea:00023600,122
125,ORLEANS:StopArea:01070801,123
126,ORLEANS:StopArea:01070802,124
127,ORLEANS:StopArea:00051200,125
128,ORLEANS:StopArea:00051201,126
129,ORLEANS:StopArea:01080801,127
130,ORLEANS:StopArea:01080802,128
131,ORLEANS:StopArea:00004201,129
132,ORLEANS:StopArea:00004200,130
133,ORLEANS:StopArea:01019505,131
134,ORLEANS:StopArea:00004402,132
135,ORLEANS:StopArea:00004401,133
136,ORLEANS:StopArea:01019506,134
137,ORLEANS:StopArea:01070402,135
138,ORLEANS:StopArea:01070401,136
139,ORLEANS:StopArea:00004501,137
140,ORLEANS:StopArea:00004500,138
141,ORLEANS:StopArea:00004300,139
142,ORLEANS:StopArea:03065701,140
143,ORLEANS:StopArea:00004600,141
144,ORLEANS:StopArea:00004601,142
145,ORLEANS:StopArea:00004700,143
146,ORLEANS:StopArea:00004701,144
147,ORLEANS:StopArea:TBUSTI1,145
148,ORLEANS:StopArea:TBUSTI2,146
149,ORLEANS:StopArea:00004722,147
150,ORLEANS:StopArea:01065803,148
151,ORLEANS:StopArea:01071601,149
152,ORLEANS:StopArea:01071602,150
153,ORLEANS:StopArea:00002400,151
154,ORLEANS:StopArea:00002401,152
155,ORLEANS:StopArea:00005918,153
156,ORLEANS:StopArea:00005919,154
157,ORLEANS:StopArea:00004950,155
158,ORLEANS:StopArea:00004951,156
159,ORLEANS:StopArea:00008501,157
160,ORLEANS:StopArea:00008500,158
161,ORLEANS:StopArea:00004900,159
162,ORLEANS:StopArea:00004901,160
163,ORLEANS:StopArea:00005051,161
164,ORLEANS:StopArea:00005050,162
165,ORLEANS:StopArea:00005105,163
166,ORLEANS:StopArea:01007105,164
167,ORLEANS:StopArea:00005100,165
168,ORLEANS:StopArea:00005103,166
169,ORLEANS:StopArea:00005150,167
170,ORLEANS:StopArea:01010601,168
171,ORLEANS:StopArea:00005201,169
172,ORLEANS:StopArea:00005202,170
173,ORLEANS:StopArea:00035972,171
174,ORLEANS:StopArea:00035973,172
175,ORLEANS:StopArea:00005402,173
176,ORLEANS:StopArea:00005401,174
177,ORLEANS:StopArea:00005400,175
178,ORLEANS:StopArea:00004750,176
179,ORLEANS:StopArea:00005440,177
180,ORLEANS:StopArea:TCAHDV2,178
181,ORLEANS:StopArea:TCAHDV1,179
182,ORLEANS:StopArea:00005722,180
183,ORLEANS:StopArea:00005801,181
184,ORLEANS:StopArea:00005800,182
185,ORLEANS:StopArea:00009923,183
186,ORLEANS:StopArea:00009922,184
187,ORLEANS:StopArea:00028090,185
188,ORLEANS:StopArea:00028091,186
189,ORLEANS:StopArea:00005955,187
190,ORLEANS:StopArea:00005954,188
191,ORLEANS:StopArea:01061302,189
192,ORLEANS:StopArea:03065901,190
193,ORLEANS:StopArea:00004820,191
194,ORLEANS:StopArea:00004821,192
195,ORLEANS:StopArea:00006000,193
196,ORLEANS:StopArea:00006001,194
197,ORLEANS:StopArea:00006300,195
198,ORLEANS:StopArea:00006301,196
199,ORLEANS:StopArea:01024801,197
200,ORLEANS:StopArea:01024802,198
201,ORLEANS:StopArea:00006121,199
202,ORLEANS:StopArea:00006120,200
203,ORLEANS:StopArea:01063602,201
204,ORLEANS:StopArea:01063601,202
205,ORLEANS:StopArea:00006515,203
206,ORLEANS:StopArea:01023302,204
207,ORLEANS:StopArea:00006200,205
208,ORLEANS:StopArea:00006201,206
209,ORLEANS:StopArea:00006404,207
210,ORLEANS:StopArea:00006403,208
211,ORLEANS:StopArea:00006500,209
212,ORLEANS:StopArea:01071501,210
213,ORLEANS:StopArea:01071502,211
214,ORLEANS:StopArea:00006621,212
215,ORLEANS:StopArea:00006620,213
216,ORLEANS:StopArea:01070602,214
217,ORLEANS:StopArea:01070601,215
218,ORLEANS:StopArea:00052001,216
219,ORLEANS:StopArea:00052000,217
220,ORLEANS:StopArea:00006701,218
221,ORLEANS:StopArea:00006700,219
222,ORLEANS:StopArea:01081101,220
223,ORLEANS:StopArea:00006800,221
224,ORLEANS:StopArea:00006802,222
225,ORLEANS:StopArea:00006801,223
226,ORLEANS:StopArea:00006803,224
227,ORLEANS:StopArea:00023901,225
228,ORLEANS:StopArea:00023900,226
229,ORLEANS:StopArea:00006830,227
230,ORLEANS:StopArea:01070301,228
231,ORLEANS:StopArea:01070302,229
232,ORLEANS:StopArea:00006850,230
233,ORLEANS:StopArea:00006851,231
234,ORLEANS:StopArea:00006901,232
235,ORLEANS:StopArea:00006900,233
236,ORLEANS:StopArea:01047702,234
237,ORLEANS:StopArea:00007003,235
238,ORLEANS:StopArea:00007301,236
239,ORLEANS:StopArea:00007300,237
240,ORLEANS:StopArea:00007600,238
241,ORLEANS:StopArea:00007601,239
242,ORLEANS:StopArea:00007701,240
243,ORLEANS:StopArea:00007700,241
244,ORLEANS:StopArea:01036303,242
245,ORLEANS:StopArea:00007750,243
246,ORLEANS:StopArea:00007751,244
247,ORLEANS:StopArea:00007800,245
248,ORLEANS:StopArea:00007801,246
249,ORLEANS:StopArea:00008100,247
250,ORLEANS:StopArea:00008101,248
251,ORLEANS:StopArea:00050001,249
252,ORLEANS:StopArea:00050000,250
253,ORLEANS:StopArea:00053900,251
254,ORLEANS:StopArea:00053901,252
255,ORLEANS:StopArea:00022101,253
256,ORLEANS:StopArea:00007710,254
257,ORLEANS:StopArea:00007711,255
258,ORLEANS:StopArea:TPOSTA2,256
259,ORLEANS:StopArea:00007921,257
260,ORLEANS:StopArea:00007920,258
261,ORLEANS:StopArea:TPOSTA1,259
262,ORLEANS:StopArea:00007924,260
263,ORLEANS:StopArea:00007923,261
264,ORLEANS:StopArea:00008000,262
265,ORLEANS:StopArea:00008001,263
266,ORLEANS:StopArea:00008490,264
267,ORLEANS:StopArea:01047802,265
268,ORLEANS:StopArea:00007901,266
269,ORLEANS:StopArea:00007900,267
270,ORLEANS:StopArea:00012700,268
271,ORLEANS:StopArea:00012701,269
272,ORLEANS:StopArea:00055401,270
273,ORLEANS:StopArea:00055400,271
274,ORLEANS:StopArea:00055700,272
275,ORLEANS:StopArea:00055701,273
276,ORLEANS:StopArea:00008630,274
277,ORLEANS:StopArea:00008631,275
278,ORLEANS:StopArea:00008800,276
279,ORLEANS:StopArea:00008801,277
280,ORLEANS:StopArea:01078303,278
281,ORLEANS:StopArea:00008943,279
282,ORLEANS:StopArea:TCLARC2,280
283,ORLEANS:StopArea:00008942,281
284,ORLEANS:StopArea:TCLARC1,282
285,ORLEANS:StopArea:00009001,283
286,ORLEANS:StopArea:00009000,284
287,ORLEANS:StopArea:00025801,285
288,ORLEANS:StopArea:00025800,286
289,ORLEANS:StopArea:00009111,287
290,ORLEANS:StopArea:00009112,288
291,ORLEANS:StopArea:THAMEA2,289
292,ORLEANS:StopArea:THAMEA1,289
293,ORLEANS:StopArea:00009113,290
294,ORLEANS:StopArea:01002511,291
295,ORLEANS:StopArea:00009110,292
296,ORLEANS:StopArea:00009121,293
297,ORLEANS:StopArea:00009120,294
298,ORLEANS:StopArea:01071301,295
299,ORLEANS:StopArea:01071302,296
300,ORLEANS:StopArea:00008946,297
301,ORLEANS:StopArea:00008945,298
302,ORLEANS:StopArea:00009211,299
303,ORLEANS:StopArea:00009210,300
304,ORLEANS:StopArea:00037871,301
305,ORLEANS:StopArea:00037870,302
306,ORLEANS:StopArea:TCOMET2,303
307,ORLEANS:StopArea:TCOMET1,304
308,ORLEANS:StopArea:00009321,305
309,ORLEANS:StopArea:00009320,306
310,ORLEANS:StopArea:00009401,307
311,ORLEANS:StopArea:00009400,308
312,ORLEANS:StopArea:00009500,309
313,ORLEANS:StopArea:00009501,310
314,ORLEANS:StopArea:00009621,311
315,ORLEANS:StopArea:00009620,312
316,ORLEANS:StopArea:TCOLIG2,313
317,ORLEANS:StopArea:00009700,314
318,ORLEANS:StopArea:00009704,315
319,ORLEANS:StopArea:00009705,316
320,ORLEANS:StopArea:00009720,317
321,ORLEANS:StopArea:TCOLIG1,318
322,ORLEANS:StopArea:00009701,319
323,ORLEANS:StopArea:00009721,320
324,ORLEANS:StopArea:00031140,321
325,ORLEANS:StopArea:00055201,322
326,ORLEANS:StopArea:00055200,323
327,ORLEANS:StopArea:00010100,324
328,ORLEANS:StopArea:01054303,325
329,ORLEANS:StopArea:00010200,326
330,ORLEANS:StopArea:00010201,327
331,ORLEANS:StopArea:00008640,328
332,ORLEANS:StopArea:00008641,329
333,ORLEANS:StopArea:00010300,330
334,ORLEANS:StopArea:00010301,331
335,ORLEANS:StopArea:01019903,332
336,ORLEANS:StopArea:00010400,333
337,ORLEANS:StopArea:00044221,334
338,ORLEANS:StopArea:00044220,335
339,ORLEANS:StopArea:00010600,336
340,ORLEANS:StopArea:00010601,337
341,ORLEANS:StopArea:00010701,338
342,ORLEANS:StopArea:00010700,339
343,ORLEANS:StopArea:01011703,340
344,ORLEANS:StopArea:01011701,341
345,ORLEANS:StopArea:00010901,342
346,ORLEANS:StopArea:00010900,343
347,ORLEANS:StopArea:00051502,344
348,ORLEANS:StopArea:00051500,345
349,ORLEANS:StopArea:00044170,346
350,ORLEANS:StopArea:00044171,347
351,ORLEANS:StopArea:00011100,348
352,ORLEANS:StopArea:00011101,349
353,ORLEANS:StopArea:06026703,350
354,ORLEANS:StopArea:01026703,351
355,ORLEANS:StopArea:01026705,352
356,ORLEANS:StopArea:06026706,353
357,ORLEANS:StopArea:01026704,354
358,ORLEANS:StopArea:01026706,355
359,ORLEANS:StopArea:00011501,356
360,ORLEANS:StopArea:00011500,357
361,ORLEANS:StopArea:00011601,358
362,ORLEANS:StopArea:00011600,359
363,ORLEANS:StopArea:01034004,360
364,ORLEANS:StopArea:01034003,361
365,ORLEANS:StopArea:00011803,362
366,ORLEANS:StopArea:01027205,363
367,ORLEANS:StopArea:00011801,364
368,ORLEANS:StopArea:00011802,365
369,ORLEANS:StopArea:00011900,366
370,ORLEANS:StopArea:00011901,367
371,ORLEANS:StopArea:TCXMOR2,368
372,ORLEANS:StopArea:TCXMOR1,369
373,ORLEANS:StopArea:01011402,370
374,ORLEANS:StopArea:00012202,371
375,ORLEANS:StopArea:00005931,372
376,ORLEANS:StopArea:00005930,373
377,ORLEANS:StopArea:00012303,374
378,ORLEANS:StopArea:00012302,375
379,ORLEANS:StopArea:00012311,376
380,ORLEANS:StopArea:00012310,377
381,ORLEANS:StopArea:00012322,378
382,ORLEANS:StopArea:00012323,379
383,ORLEANS:StopArea:00012400,380
384,ORLEANS:StopArea:00012401,381
385,ORLEANS:StopArea:01001306,382
386,ORLEANS:StopArea:TTOURE2,382
387,ORLEANS:StopArea:00046821,383
388,ORLEANS:StopArea:TTOURE1,384
389,ORLEANS:StopArea:01001304,385
390,ORLEANS:StopArea:TGAULA2,386
391,ORLEANS:StopArea:TGAULB2,387
392,ORLEANS:StopArea:TGAULB1,388
393,ORLEANS:StopArea:01001506,389
394,ORLEANS:StopArea:TGAULA1,390
395,ORLEANS:StopArea:06001506,391
396,ORLEANS:StopArea:00012500,392
397,ORLEANS:StopArea:01010304,393
398,ORLEANS:StopArea:00012501,394
399,ORLEANS:StopArea:01010303,395
400,ORLEANS:StopArea:00012900,396
401,ORLEANS:StopArea:00012901,397
402,ORLEANS:StopArea:00001045,398
403,ORLEANS:StopArea:00001046,399
404,ORLEANS:StopArea:00013101,400
405,ORLEANS:StopArea:00013100,401
406,ORLEANS:StopArea:00013200,402
407,ORLEANS:StopArea:00013201,403
408,ORLEANS:StopArea:00013300,404
409,ORLEANS:StopArea:00013301,405
410,ORLEANS:StopArea:00013501,406
411,ORLEANS:StopArea:00013500,407
412,ORLEANS:StopArea:00056201,408
413,ORLEANS:StopArea:00056202,409
414,ORLEANS:StopArea:TDRHOM2,410
415,ORLEANS:StopArea:TDRHOM1,411
416,ORLEANS:StopArea:00013820,412
417,ORLEANS:StopArea:00013821,413
418,ORLEANS:StopArea:00013850,414
419,ORLEANS:StopArea:00013851,415
420,ORLEANS:StopArea:00013902,416
421,ORLEANS:StopArea:01013704,417
422,ORLEANS:StopArea:01013703,418
423,ORLEANS:StopArea:00014200,419
424,ORLEANS:StopArea:00014201,420
425,ORLEANS:StopArea:01077402,421
426,ORLEANS:StopArea:01077401,422
427,ORLEANS:StopArea:00014311,423
428,ORLEANS:StopArea:00014310,424
429,ORLEANS:StopArea:01037003,425
430,ORLEANS:StopArea:01037004,426
431,ORLEANS:StopArea:00015101,427
432,ORLEANS:StopArea:00015100,428
433,ORLEANS:StopArea:00015402,429
434,ORLEANS:StopArea:00030352,430
435,ORLEANS:StopArea:00030350,431
436,ORLEANS:StopArea:01030202,432
437,ORLEANS:StopArea:00043200,433
438,ORLEANS:StopArea:00015301,434
439,ORLEANS:StopArea:00015300,435
440,ORLEANS:StopArea:00015305,436
441,ORLEANS:StopArea:00015304,437
442,ORLEANS:StopArea:00015500,438
443,ORLEANS:StopArea:00015501,439
444,ORLEANS:StopArea:TVIGNA2,440
445,ORLEANS:StopArea:01003605,440
446,ORLEANS:StopArea:TVIGNA1,441
447,ORLEANS:StopArea:01003606,441
448,ORLEANS:StopArea:00038950,442
449,ORLEANS:StopArea:00038951,443
450,ORLEANS:StopArea:00015800,444
451,ORLEANS:StopArea:00015801,445
452,ORLEANS:StopArea:P0005001,446
453,ORLEANS:StopArea:P0005002,447
454,ORLEANS:StopArea:00016001,448
455,ORLEANS:StopArea:00016000,449
456,ORLEANS:StopArea:00016101,450
457,ORLEANS:StopArea:00016100,451
458,ORLEANS:StopArea:00008701,452
459,ORLEANS:StopArea:01005402,452
460,ORLEANS:StopArea:01062604,453
461,ORLEANS:StopArea:01062603,454
462,ORLEANS:StopArea:00016211,455
463,ORLEANS:StopArea:00016210,456
464,ORLEANS:StopArea:01070701,457
465,ORLEANS:StopArea:01070702,458
466,ORLEANS:StopArea:01050004,459
467,ORLEANS:StopArea:01050003,460
468,ORLEANS:StopArea:00055901,461
469,ORLEANS:StopArea:00055900,462
470,ORLEANS:StopArea:AF006520,463
471,ORLEANS:StopArea:01066202,464
472,ORLEANS:StopArea:00016601,465
473,ORLEANS:StopArea:00016600,466
474,ORLEANS:StopArea:00024201,467
475,ORLEANS:StopArea:00024200,468
476,ORLEANS:StopArea:01031604,469
477,ORLEANS:StopArea:01031603,470
478,ORLEANS:StopArea:00016800,471
479,ORLEANS:StopArea:TGARDO1,472
480,ORLEANS:StopArea:TGARDO2,473
481,ORLEANS:StopArea:00017065,474
482,ORLEANS:StopArea:TAUBRA1,475
483,ORLEANS:StopArea:TAUBRA2,476
484,ORLEANS:StopArea:01002103,477
485,ORLEANS:StopArea:01002105,478
486,ORLEANS:StopArea:01002104,479
487,ORLEANS:StopArea:01001714,480
488,ORLEANS:StopArea:01001713,481
489,ORLEANS:StopArea:01001712,482
490,ORLEANS:StopArea:01001711,483
491,ORLEANS:StopArea:01001710,484
492,ORLEANS:StopArea:01001709,485
493,ORLEANS:StopArea:00017056,486
494,ORLEANS:StopArea:00017070,487
495,ORLEANS:StopArea:00017071,488
496,ORLEANS:StopArea:00017072,489
497,ORLEANS:StopArea:00054701,490
498,ORLEANS:StopArea:00054702,491
499,ORLEANS:StopArea:00054700,492
500,ORLEANS:StopArea:01017002,493
501,ORLEANS:StopArea:01017001,494
502,ORLEANS:StopArea:00017121,495
503,ORLEANS:StopArea:00017120,496
504,ORLEANS:StopArea:00026501,497
505,ORLEANS:StopArea:00026500,498
506,ORLEANS:StopArea:00017201,499
507,ORLEANS:StopArea:00017200,500
508,ORLEANS:StopArea:00017301,501
509,ORLEANS:StopArea:00017300,502
510,ORLEANS:StopArea:TGAUBR2,503
511,ORLEANS:StopArea:00017322,504
512,ORLEANS:StopArea:TGAUBR1,505
513,ORLEANS:StopArea:00017323,506
514,ORLEANS:StopArea:01047602,507
515,ORLEANS:StopArea:00017400,508
516,ORLEANS:StopArea:00050803,509
517,ORLEANS:StopArea:00050802,510
518,ORLEANS:StopArea:00017512,511
519,ORLEANS:StopArea:00017513,512
520,ORLEANS:StopArea:00016701,513
521,ORLEANS:StopArea:TPOMPI1,514
522,ORLEANS:StopArea:TPOMPI2,514
523,ORLEANS:StopArea:00017523,515
524,ORLEANS:StopArea:00017522,516
525,ORLEANS:StopArea:00043700,517
526,ORLEANS:StopArea:00043701,518
527,ORLEANS:StopArea:00017600,519
528,ORLEANS:StopArea:00017601,520
529,ORLEANS:StopArea:00017700,521
530,ORLEANS:StopArea:00017800,522
531,ORLEANS:StopArea:00017801,523
532,ORLEANS:StopArea:00017903,524
533,ORLEANS:StopArea:00017902,525
534,ORLEANS:StopArea:00018003,526
535,ORLEANS:StopArea:00018000,527
536,ORLEANS:StopArea:00018001,528
537,ORLEANS:StopArea:00018002,529
538,ORLEANS:StopArea:00026810,530
539,ORLEANS:StopArea:00026811,531
540,ORLEANS:StopArea:00044801,532
541,ORLEANS:StopArea:00044800,533
542,ORLEANS:StopArea:00018045,534
543,ORLEANS:StopArea:00018406,535
544,ORLEANS:StopArea:01022203,536
545,ORLEANS:StopArea:01022201,537
546,ORLEANS:StopArea:01022204,538
547,ORLEANS:StopArea:00018126,539
548,ORLEANS:StopArea:01040804,540
549,ORLEANS:StopArea:00018122,541
550,ORLEANS:StopArea:00018201,542
551,ORLEANS:StopArea:00018200,543
552,ORLEANS:StopArea:00054800,544
553,ORLEANS:StopArea:00054801,545
554,ORLEANS:StopArea:00018300,546
555,ORLEANS:StopArea:00018301,547
556,ORLEANS:StopArea:TGVILL2,548
557,ORLEANS:StopArea:00018402,548
558,ORLEANS:StopArea:TGVILL1,549
559,ORLEANS:StopArea:00018401,549
560,ORLEANS:StopArea:00018501,550
561,ORLEANS:StopArea:00018500,551
562,ORLEANS:StopArea:00018800,552
563,ORLEANS:StopArea:00018801,553
564,ORLEANS:StopArea:01071701,554
565,ORLEANS:StopArea:01071702,555
566,ORLEANS:StopArea:00019043,556
567,ORLEANS:StopArea:01003508,557
568,ORLEANS:StopArea:TRIOBE1,557
569,ORLEANS:StopArea:01003507,558
570,ORLEANS:StopArea:01003503,558
571,ORLEANS:StopArea:TRIOBE2,559
572,ORLEANS:StopArea:01003504,560
573,ORLEANS:StopArea:00019141,561
574,ORLEANS:StopArea:00019140,562
575,ORLEANS:StopArea:01036204,563
576,ORLEANS:StopArea:01036203,564
577,ORLEANS:StopArea:00019301,565
578,ORLEANS:StopArea:00019303,566
579,ORLEANS:StopArea:THALMA1,567
580,ORLEANS:StopArea:THALMA2,568
581,ORLEANS:StopArea:00024300,569
582,ORLEANS:StopArea:00024301,570
583,ORLEANS:StopArea:00045401,571
584,ORLEANS:StopArea:00019501,572
585,ORLEANS:StopArea:00019500,573
586,ORLEANS:StopArea:00019701,574
587,ORLEANS:StopArea:00019700,575
588,ORLEANS:StopArea:01009502,576
589,ORLEANS:StopArea:01009501,577
590,ORLEANS:StopArea:00028751,578
591,ORLEANS:StopArea:00028752,579
592,ORLEANS:StopArea:00019801,580
593,ORLEANS:StopArea:00019800,581
594,ORLEANS:StopArea:00055000,582
595,ORLEANS:StopArea:00055001,583
596,ORLEANS:StopArea:00055550,584
597,ORLEANS:StopArea:00055551,585
598,ORLEANS:StopArea:00020001,586
599,ORLEANS:StopArea:00020000,587
600,ORLEANS:StopArea:00020300,588
601,ORLEANS:StopArea:01047902,589
602,ORLEANS:StopArea:00020420,590
603,ORLEANS:StopArea:00020421,591
604,ORLEANS:StopArea:00020501,592
605,ORLEANS:StopArea:00020500,593
606,ORLEANS:StopArea:THOPIT1,594
607,ORLEANS:StopArea:THOPIT2,594
608,ORLEANS:StopArea:00020905,595
609,ORLEANS:StopArea:00020904,596
610,ORLEANS:StopArea:00020901,597
611,ORLEANS:StopArea:00020900,598
612,ORLEANS:StopArea:00020430,599
613,ORLEANS:StopArea:00020431,600
614,ORLEANS:StopArea:00020521,601
615,ORLEANS:StopArea:00020520,602
616,ORLEANS:StopArea:01068905,603
617,ORLEANS:StopArea:01068906,604
618,ORLEANS:StopArea:01068907,605
619,ORLEANS:StopArea:01068901,605
620,ORLEANS:StopArea:THOPAC1,606
621,ORLEANS:StopArea:THOPAC2,607
622,ORLEANS:StopArea:01068902,608
623,ORLEANS:StopArea:01069001,609
624,ORLEANS:StopArea:01069002,610
625,ORLEANS:StopArea:01080902,611
626,ORLEANS:StopArea:01080901,612
627,ORLEANS:StopArea:00021203,613
628,ORLEANS:StopArea:00021200,614
629,ORLEANS:StopArea:00021202,615
630,ORLEANS:StopArea:00021201,616
631,ORLEANS:StopArea:00052401,617
632,ORLEANS:StopArea:00052400,618
633,ORLEANS:StopArea:01009003,619
634,ORLEANS:StopArea:00035304,620
635,ORLEANS:StopArea:01050204,621
636,ORLEANS:StopArea:00024323,622
637,ORLEANS:StopArea:00024322,623
638,ORLEANS:StopArea:01050203,624
639,ORLEANS:StopArea:00021521,625
640,ORLEANS:StopArea:00021520,626
641,ORLEANS:StopArea:00021800,627
642,ORLEANS:StopArea:00021810,628
643,ORLEANS:StopArea:00021811,629
644,ORLEANS:StopArea:01041504,630
645,ORLEANS:StopArea:01041503,631
646,ORLEANS:StopArea:00021860,632
647,ORLEANS:StopArea:00021861,633
648,ORLEANS:StopArea:00024400,634
649,ORLEANS:StopArea:00024401,635
650,ORLEANS:StopArea:00021904,636
651,ORLEANS:StopArea:00021901,637
652,ORLEANS:StopArea:01033704,638
653,ORLEANS:StopArea:00021900,639
654,ORLEANS:StopArea:01029403,640
655,ORLEANS:StopArea:01029404,641
656,ORLEANS:StopArea:00022181,642
657,ORLEANS:StopArea:00022180,643
658,ORLEANS:StopArea:00022223,644
659,ORLEANS:StopArea:00022222,645
660,ORLEANS:StopArea:00022220,646
661,ORLEANS:StopArea:00022221,647
662,ORLEANS:StopArea:01017902,648
663,ORLEANS:StopArea:01017904,649
664,ORLEANS:StopArea:01017901,650
665,ORLEANS:StopArea:01017903,651
666,ORLEANS:StopArea:01016603,652
667,ORLEANS:StopArea:01016604,653
668,ORLEANS:StopArea:TJDARC2,654
669,ORLEANS:StopArea:TJDARC1,655
670,ORLEANS:StopArea:00022400,656
671,ORLEANS:StopArea:00022401,657
672,ORLEANS:StopArea:00021601,658
673,ORLEANS:StopArea:00021602,659
674,ORLEANS:StopArea:01059503,660
675,ORLEANS:StopArea:01059504,661
676,ORLEANS:StopArea:00022512,662
677,ORLEANS:StopArea:00022513,663
678,ORLEANS:StopArea:TVERNE2,664
679,ORLEANS:StopArea:TVERNE1,664
680,ORLEANS:StopArea:00022520,665
681,ORLEANS:StopArea:00022521,666
682,ORLEANS:StopArea:00044400,667
683,ORLEANS:StopArea:00044401,668
684,ORLEANS:StopArea:00000622,669
685,ORLEANS:StopArea:00000621,670
686,ORLEANS:StopArea:00022700,671
687,ORLEANS:StopArea:00022701,672
688,ORLEANS:StopArea:00053501,673
689,ORLEANS:StopArea:00053500,674
690,ORLEANS:StopArea:00035625,675
691,ORLEANS:StopArea:00035626,676
692,ORLEANS:StopArea:00022800,677
693,ORLEANS:StopArea:01063702,678
694,ORLEANS:StopArea:01063701,679
695,ORLEANS:StopArea:00022921,680
696,ORLEANS:StopArea:00022920,681
697,ORLEANS:StopArea:00023000,682
698,ORLEANS:StopArea:00023001,683
699,ORLEANS:StopArea:00023100,684
700,ORLEANS:StopArea:00023101,685
701,ORLEANS:StopArea:00023201,686
702,ORLEANS:StopArea:00023200,687
703,ORLEANS:StopArea:00004730,688
704,ORLEANS:StopArea:00004732,689
705,ORLEANS:StopArea:TINDIE1,690
706,ORLEANS:StopArea:TINDIE2,691
707,ORLEANS:StopArea:AF021502,692
708,ORLEANS:StopArea:00052301,693
709,ORLEANS:StopArea:00052300,694
710,ORLEANS:StopArea:00023240,695
711,ORLEANS:StopArea:00035501,696
712,ORLEANS:StopArea:00035502,697
713,ORLEANS:StopArea:00022916,698
714,ORLEANS:StopArea:00022915,699
715,ORLEANS:StopArea:01059402,700
716,ORLEANS:StopArea:00044125,701
717,ORLEANS:StopArea:00023701,702
718,ORLEANS:StopArea:00023700,703
719,ORLEANS:StopArea:00004211,704
720,ORLEANS:StopArea:00004210,705
721,ORLEANS:StopArea:00017077,706
722,ORLEANS:StopArea:00017080,707
723,ORLEANS:StopArea:00017079,708
724,ORLEANS:StopArea:00017078,709
725,ORLEANS:StopArea:00023850,710
726,ORLEANS:StopArea:00023851,711
727,ORLEANS:StopArea:00051300,712
728,ORLEANS:StopArea:00051301,713
729,ORLEANS:StopArea:00044251,714
730,ORLEANS:StopArea:00044250,715
731,ORLEANS:StopArea:00024150,716
732,ORLEANS:StopArea:AF006010,717
733,ORLEANS:StopArea:00024242,718
734,ORLEANS:StopArea:00024240,719
735,ORLEANS:StopArea:01035403,720
736,ORLEANS:StopArea:01035404,721
737,ORLEANS:StopArea:00024601,722
738,ORLEANS:StopArea:00024600,723
739,ORLEANS:StopArea:00024700,724
740,ORLEANS:StopArea:00024701,725
741,ORLEANS:StopArea:00024801,726
742,ORLEANS:StopArea:00024800,727
743,ORLEANS:StopArea:00025101,728
744,ORLEANS:StopArea:00025100,729
745,ORLEANS:StopArea:00025451,730
746,ORLEANS:StopArea:00025500,731
747,ORLEANS:StopArea:00025550,732
748,ORLEANS:StopArea:00025701,733
749,ORLEANS:StopArea:00025700,734
750,ORLEANS:StopArea:01007203,735
751,ORLEANS:StopArea:01007204,736
752,ORLEANS:StopArea:01007201,737
753,ORLEANS:StopArea:01007202,738
754,ORLEANS:StopArea:00026000,739
755,ORLEANS:StopArea:00026001,740
756,ORLEANS:StopArea:00026120,741
757,ORLEANS:StopArea:TLAMBA2,742
758,ORLEANS:StopArea:TLAMBA1,743
759,ORLEANS:StopArea:00026121,744
760,ORLEANS:StopArea:01002303,745
761,ORLEANS:StopArea:01002308,746
762,ORLEANS:StopArea:TLARRY1,748
763,ORLEANS:StopArea:01081303,748
764,ORLEANS:StopArea:TLARRY2,748
765,ORLEANS:StopArea:01014403,749
766,ORLEANS:StopArea:01014404,750
767,ORLEANS:StopArea:01013603,751
768,ORLEANS:StopArea:01013604,752
769,ORLEANS:StopArea:00026400,753
770,ORLEANS:StopArea:00026401,754
771,ORLEANS:StopArea:00026600,755
772,ORLEANS:StopArea:00026601,756
773,ORLEANS:StopArea:01037704,757
774,ORLEANS:StopArea:01037703,758
775,ORLEANS:StopArea:08047304,759
776,ORLEANS:StopArea:08047303,760
777,ORLEANS:StopArea:00026900,761
778,ORLEANS:StopArea:01079201,762
779,ORLEANS:StopArea:01079202,763
780,ORLEANS:StopArea:AF026951,764
781,ORLEANS:StopArea:AF026950,765
782,ORLEANS:StopArea:00027200,766
783,ORLEANS:StopArea:00027201,767
784,ORLEANS:StopArea:00027365,768
785,ORLEANS:StopArea:00027353,768
786,ORLEANS:StopArea:00027352,769
787,ORLEANS:StopArea:00027366,769
788,ORLEANS:StopArea:TAULNA2,770
789,ORLEANS:StopArea:TAULNA1,771
790,ORLEANS:StopArea:01000809,772
791,ORLEANS:StopArea:00027400,773
792,ORLEANS:StopArea:00027500,774
793,ORLEANS:StopArea:00027501,775
794,ORLEANS:StopArea:00027702,776
795,ORLEANS:StopArea:00027703,777
796,ORLEANS:StopArea:AF001100,778
797,ORLEANS:StopArea:00027951,779
798,ORLEANS:StopArea:00027950,780
799,ORLEANS:StopArea:00049801,781
800,ORLEANS:StopArea:01071402,782
801,ORLEANS:StopArea:00028101,783
802,ORLEANS:StopArea:00028100,784
803,ORLEANS:StopArea:00050901,785
804,ORLEANS:StopArea:00050900,786
805,ORLEANS:StopArea:00028400,787
806,ORLEANS:StopArea:00028401,788
807,ORLEANS:StopArea:00028550,789
808,ORLEANS:StopArea:00028551,790
809,ORLEANS:StopArea:01061601,791
810,ORLEANS:StopArea:01078701,792
811,ORLEANS:StopArea:01078703,793
812,ORLEANS:StopArea:00028800,794
813,ORLEANS:StopArea:00028801,795
814,ORLEANS:StopArea:00028901,796
815,ORLEANS:StopArea:00028900,797
816,ORLEANS:StopArea:01037903,798
817,ORLEANS:StopArea:01037904,799
818,ORLEANS:StopArea:00044901,800
819,ORLEANS:StopArea:00044900,801
820,ORLEANS:StopArea:01068001,802
821,ORLEANS:StopArea:01068002,803
822,ORLEANS:StopArea:00046551,804
823,ORLEANS:StopArea:00046550,805
824,ORLEANS:StopArea:00029200,806
825,ORLEANS:StopArea:01045303,807
826,ORLEANS:StopArea:01045304,808
827,ORLEANS:StopArea:00029500,809
828,ORLEANS:StopArea:00029501,810
829,ORLEANS:StopArea:00046721,811
830,ORLEANS:StopArea:00046720,812
831,ORLEANS:StopArea:AF019010,813
832,ORLEANS:StopArea:00029900,814
833,ORLEANS:StopArea:00029901,815
834,ORLEANS:StopArea:01007305,816
835,ORLEANS:StopArea:01007304,817
836,ORLEANS:StopArea:00030004,818
837,ORLEANS:StopArea:00030005,819
838,ORLEANS:StopArea:00030101,820
839,ORLEANS:StopArea:00030100,821
840,ORLEANS:StopArea:AF004210,822
841,ORLEANS:StopArea:00030301,823
842,ORLEANS:StopArea:00030300,824
843,ORLEANS:StopArea:TLIBER2,825
844,ORLEANS:StopArea:TLIBER1,826
845,ORLEANS:StopArea:01002005,827
846,ORLEANS:StopArea:01002004,828
847,ORLEANS:StopArea:01068801,829
848,ORLEANS:StopArea:00056000,830
849,ORLEANS:StopArea:00056001,831
850,ORLEANS:StopArea:00030401,832
851,ORLEANS:StopArea:00030404,832
852,ORLEANS:StopArea:00030402,833
853,ORLEANS:StopArea:TLORET2,833
854,ORLEANS:StopArea:TLORET1,834
855,ORLEANS:StopArea:00030400,835
856,ORLEANS:StopArea:TLBRAL2,836
857,ORLEANS:StopArea:00001083,837
858,ORLEANS:StopArea:TLBRAL1,838
859,ORLEANS:StopArea:00001084,839
860,ORLEANS:StopArea:00030501,840
861,ORLEANS:StopArea:00030500,841
862,ORLEANS:StopArea:00030520,842
863,ORLEANS:StopArea:00030521,843
864,ORLEANS:StopArea:00030601,844
865,ORLEANS:StopArea:00030602,845
866,ORLEANS:StopArea:01070001,846
867,ORLEANS:StopArea:01070002,847
868,ORLEANS:StopArea:00030700,848
869,ORLEANS:StopArea:00030802,849
870,ORLEANS:StopArea:00030801,850
871,ORLEANS:StopArea:00030902,851
872,ORLEANS:StopArea:01063903,852
873,ORLEANS:StopArea:01038403,853
874,ORLEANS:StopArea:01038404,854
875,ORLEANS:StopArea:01037401,855
876,ORLEANS:StopArea:01037402,856
877,ORLEANS:StopArea:01002606,857
878,ORLEANS:StopArea:01002603,858
879,ORLEANS:StopArea:01002604,859
880,ORLEANS:StopArea:01002605,860
881,ORLEANS:StopArea:TLBLUM2,861
882,ORLEANS:StopArea:TLBLUM1,862
883,ORLEANS:StopArea:01063501,863
884,ORLEANS:StopArea:00032210,864
885,ORLEANS:StopArea:00032211,865
886,ORLEANS:StopArea:00033030,866
887,ORLEANS:StopArea:00033031,867
888,ORLEANS:StopArea:00033032,868
889,ORLEANS:StopArea:00033033,869
890,ORLEANS:StopArea:00033034,870
891,ORLEANS:StopArea:TMLKIN1,871
892,ORLEANS:StopArea:TMLKIN2,872
893,ORLEANS:StopArea:TMADEL2,873
894,ORLEANS:StopArea:00030980,874
895,ORLEANS:StopArea:TMADEL1,875
896,ORLEANS:StopArea:00030981,876
897,ORLEANS:StopArea:00031121,877
898,ORLEANS:StopArea:00031120,878
899,ORLEANS:StopArea:00031200,879
900,ORLEANS:StopArea:00031201,880
901,ORLEANS:StopArea:00031000,881
902,ORLEANS:StopArea:00031001,882
903,ORLEANS:StopArea:00036650,883
904,ORLEANS:StopArea:00036651,884
905,ORLEANS:StopArea:00031100,885
906,ORLEANS:StopArea:00031102,886
907,ORLEANS:StopArea:00031111,887
908,ORLEANS:StopArea:00031110,888
909,ORLEANS:StopArea:00031301,889
910,ORLEANS:StopArea:00031300,890
911,ORLEANS:StopArea:00031722,891
912,ORLEANS:StopArea:00031721,892
913,ORLEANS:StopArea:00031720,893
914,ORLEANS:StopArea:01061402,894
915,ORLEANS:StopArea:00052802,895
916,ORLEANS:StopArea:00052803,896
917,ORLEANS:StopArea:00052800,897
918,ORLEANS:StopArea:00052801,898
919,ORLEANS:StopArea:00056101,899
920,ORLEANS:StopArea:00056100,900
921,ORLEANS:StopArea:00031900,901
922,ORLEANS:StopArea:00032061,902
923,ORLEANS:StopArea:00032060,903
924,ORLEANS:StopArea:00032001,904
925,ORLEANS:StopArea:00032000,905
926,ORLEANS:StopArea:00032100,906
927,ORLEANS:StopArea:00032101,907
928,ORLEANS:StopArea:00032201,908
929,ORLEANS:StopArea:00032200,909
930,ORLEANS:StopArea:00055801,910
931,ORLEANS:StopArea:00055800,911
932,ORLEANS:StopArea:00032801,912
933,ORLEANS:StopArea:00032800,913
934,ORLEANS:StopArea:00001501,914
935,ORLEANS:StopArea:00001500,915
936,ORLEANS:StopArea:00032906,916
937,ORLEANS:StopArea:01019204,917
938,ORLEANS:StopArea:01019203,918
939,ORLEANS:StopArea:00032921,919
940,ORLEANS:StopArea:00032920,920
941,ORLEANS:StopArea:00033101,921
942,ORLEANS:StopArea:00033100,922
943,ORLEANS:StopArea:01018604,923
944,ORLEANS:StopArea:01018603,924
945,ORLEANS:StopArea:00033444,925
946,ORLEANS:StopArea:00033445,926
947,ORLEANS:StopArea:00033520,927
948,ORLEANS:StopArea:00033521,928
949,ORLEANS:StopArea:01070901,929
950,ORLEANS:StopArea:01070902,930
951,ORLEANS:StopArea:00033581,931
952,ORLEANS:StopArea:00033580,932
953,ORLEANS:StopArea:00033600,933
954,ORLEANS:StopArea:00033601,934
955,ORLEANS:StopArea:00033701,935
956,ORLEANS:StopArea:00033700,936
957,ORLEANS:StopArea:00044450,937
958,ORLEANS:StopArea:00044451,938
959,ORLEANS:StopArea:01070102,939
960,ORLEANS:StopArea:01070101,940
961,ORLEANS:StopArea:00033901,941
962,ORLEANS:StopArea:00033900,942
963,ORLEANS:StopArea:00034001,943
964,ORLEANS:StopArea:00034000,944
965,ORLEANS:StopArea:00034100,945
966,ORLEANS:StopArea:00034201,946
967,ORLEANS:StopArea:00034200,947
968,ORLEANS:StopArea:00034302,948
969,ORLEANS:StopArea:00034303,949
970,ORLEANS:StopArea:00034320,950
971,ORLEANS:StopArea:00034321,951
972,ORLEANS:StopArea:00024500,952
973,ORLEANS:StopArea:00024501,953
974,ORLEANS:StopArea:00049901,954
975,ORLEANS:StopArea:00049900,955
976,ORLEANS:StopArea:00034400,956
977,ORLEANS:StopArea:00034401,957
978,ORLEANS:StopArea:00034500,958
979,ORLEANS:StopArea:00034502,959
980,ORLEANS:StopArea:00034503,960
981,ORLEANS:StopArea:00034501,961
982,ORLEANS:StopArea:00034541,962
983,ORLEANS:StopArea:00034540,963
984,ORLEANS:StopArea:00034600,964
985,ORLEANS:StopArea:00034601,965
986,ORLEANS:StopArea:00024650,966
987,ORLEANS:StopArea:00024651,967
988,ORLEANS:StopArea:00034823,968
989,ORLEANS:StopArea:TMOUIL2,968
990,ORLEANS:StopArea:00003482,969
991,ORLEANS:StopArea:TMOUIL1,969
992,ORLEANS:StopArea:00009201,970
993,ORLEANS:StopArea:00009200,971
994,ORLEANS:StopArea:00035000,972
995,ORLEANS:StopArea:00035001,973
996,ORLEANS:StopArea:00053701,974
997,ORLEANS:StopArea:00053700,975
998,ORLEANS:StopArea:00035120,976
999,ORLEANS:StopArea:TMOZAR2,976
1000,ORLEANS:StopArea:TMOZAR1,977
1001,ORLEANS:StopArea:00035121,977
1002,ORLEANS:StopArea:01069602,978
1003,ORLEANS:StopArea:01069601,979
1004,ORLEANS:StopArea:00033420,980
1005,ORLEANS:StopArea:00033424,981
1006,ORLEANS:StopArea:00033421,982
1007,ORLEANS:StopArea:00033427,983
1008,ORLEANS:StopArea:00033401,984
1009,ORLEANS:StopArea:00033400,985
1010,ORLEANS:StopArea:01032004,986
1011,ORLEANS:StopArea:01032003,987
1012,ORLEANS:StopArea:00035151,988
1013,ORLEANS:StopArea:00035150,989
1014,ORLEANS:StopArea:00035170,990
1015,ORLEANS:StopArea:00035171,991
1016,ORLEANS:StopArea:01067103,992
1017,ORLEANS:StopArea:AF013302,993
1018,ORLEANS:StopArea:01059301,994
1019,ORLEANS:StopArea:01059302,995
1020,ORLEANS:StopArea:01080702,996
1021,ORLEANS:StopArea:01080701,997
1022,ORLEANS:StopArea:00029311,998
1023,ORLEANS:StopArea:00029310,999
1024,ORLEANS:StopArea:00035300,1000
1025,ORLEANS:StopArea:00035301,1001
1026,ORLEANS:StopArea:00035400,1002
1027,ORLEANS:StopArea:00035620,1003
1028,ORLEANS:StopArea:00035621,1004
1029,ORLEANS:StopArea:01049804,1005
1030,ORLEANS:StopArea:01049803,1006
1031,ORLEANS:StopArea:01026804,1007
1032,ORLEANS:StopArea:01026803,1008
1033,ORLEANS:StopArea:00038203,1009
1034,ORLEANS:StopArea:01046302,1010
1035,ORLEANS:StopArea:01050104,1011
1036,ORLEANS:StopArea:01050103,1012
1037,ORLEANS:StopArea:01011602,1013
1038,ORLEANS:StopArea:00050200,1014
1039,ORLEANS:StopArea:00035802,1015
1040,ORLEANS:StopArea:00035800,1016
1041,ORLEANS:StopArea:00035903,1017
1042,ORLEANS:StopArea:01069101,1018
1043,ORLEANS:StopArea:01069102,1019
1044,ORLEANS:StopArea:00035970,1020
1045,ORLEANS:StopArea:00035971,1021
1046,ORLEANS:StopArea:TFLORA2,1022
1047,ORLEANS:StopArea:TFLORA1,1023
1048,ORLEANS:StopArea:00047361,1024
1049,ORLEANS:StopArea:00047360,1025
1050,ORLEANS:StopArea:01069304,1026
1051,ORLEANS:StopArea:01069303,1027
1052,ORLEANS:StopArea:00036300,1028
1053,ORLEANS:StopArea:00036301,1029
1054,ORLEANS:StopArea:01007703,1030
1055,ORLEANS:StopArea:01007704,1031
1056,ORLEANS:StopArea:00036501,1032
1057,ORLEANS:StopArea:00036500,1033
1058,ORLEANS:StopArea:00036602,1034
1059,ORLEANS:StopArea:00036601,1035
1060,ORLEANS:StopArea:00036701,1036
1061,ORLEANS:StopArea:00036700,1037
1062,ORLEANS:StopArea:01035903,1038
1063,ORLEANS:StopArea:01035904,1039
1064,ORLEANS:StopArea:00036720,1040
1065,ORLEANS:StopArea:00051701,1041
1066,ORLEANS:StopArea:00051700,1042
1067,ORLEANS:StopArea:00036800,1043
1068,ORLEANS:StopArea:00036801,1044
1069,ORLEANS:StopArea:00024901,1045
1070,ORLEANS:StopArea:00024900,1046
1071,ORLEANS:StopArea:00037001,1047
1072,ORLEANS:StopArea:00037000,1048
1073,ORLEANS:StopArea:00037100,1049
1074,ORLEANS:StopArea:00037101,1050
1075,ORLEANS:StopArea:00037201,1051
1076,ORLEANS:StopArea:00037200,1052
1077,ORLEANS:StopArea:00037250,1053
1078,ORLEANS:StopArea:00037251,1054
1079,ORLEANS:StopArea:00037301,1055
1080,ORLEANS:StopArea:00037300,1056
1081,ORLEANS:StopArea:00037350,1057
1082,ORLEANS:StopArea:00037351,1058
1083,ORLEANS:StopArea:00037401,1059
1084,ORLEANS:StopArea:01042803,1060
1085,ORLEANS:StopArea:00037501,1061
1086,ORLEANS:StopArea:00037500,1062
1087,ORLEANS:StopArea:00037550,1063
1088,ORLEANS:StopArea:00037601,1064
1089,ORLEANS:StopArea:00037600,1065
1090,ORLEANS:StopArea:00037700,1066
1091,ORLEANS:StopArea:00037703,1067
1092,ORLEANS:StopArea:00037701,1068
1093,ORLEANS:StopArea:00035910,1069
1094,ORLEANS:StopArea:00053800,1070
1095,ORLEANS:StopArea:00053801,1071
1096,ORLEANS:StopArea:00037851,1072
1097,ORLEANS:StopArea:00037850,1073
1098,ORLEANS:StopArea:00025001,1074
1099,ORLEANS:StopArea:00025000,1075
1100,ORLEANS:StopArea:00038000,1076
1101,ORLEANS:StopArea:00038001,1077
1102,ORLEANS:StopArea:00038302,1078
1103,ORLEANS:StopArea:00038301,1079
1104,ORLEANS:StopArea:00038310,1080
1105,ORLEANS:StopArea:00038311,1081
1106,ORLEANS:StopArea:00038320,1082
1107,ORLEANS:StopArea:00038321,1083
1108,ORLEANS:StopArea:0003830,1084
1109,ORLEANS:StopArea:0003831,1085
1110,ORLEANS:StopArea:01070501,1086
1111,ORLEANS:StopArea:01070502,1087
1112,ORLEANS:StopArea:00046300,1088
1113,ORLEANS:StopArea:00046301,1089
1114,ORLEANS:StopArea:00038601,1090
1115,ORLEANS:StopArea:00038600,1091
1116,ORLEANS:StopArea:00038802,1092
1117,ORLEANS:StopArea:00038801,1093
1118,ORLEANS:StopArea:00038760,1094
1119,ORLEANS:StopArea:00038761,1095
1120,ORLEANS:StopArea:00037872,1096
1121,ORLEANS:StopArea:00038622,1097
1122,ORLEANS:StopArea:00038623,1098
1123,ORLEANS:StopArea:00039101,1099
1124,ORLEANS:StopArea:00039102,1100
1125,ORLEANS:StopArea:00039205,1101
1126,ORLEANS:StopArea:00039204,1102
1127,ORLEANS:StopArea:00039202,1103
1128,ORLEANS:StopArea:00039301,1104
1129,ORLEANS:StopArea:00039300,1105
1130,ORLEANS:StopArea:01011303,1106
1131,ORLEANS:StopArea:00039322,1107
1132,ORLEANS:StopArea:00052700,1108
1133,ORLEANS:StopArea:00052701,1109
1134,ORLEANS:StopArea:00039603,1110
1135,ORLEANS:StopArea:00039602,1111
1136,ORLEANS:StopArea:00039701,1112
1137,ORLEANS:StopArea:00039700,1113
1138,ORLEANS:StopArea:00039751,1114
1139,ORLEANS:StopArea:00039750,1115
1140,ORLEANS:StopArea:01013903,1116
1141,ORLEANS:StopArea:00039800,1117
1142,ORLEANS:StopArea:00039900,1118
1143,ORLEANS:StopArea:00039901,1119
1144,ORLEANS:StopArea:00040000,1120
1145,ORLEANS:StopArea:00040001,1121
1146,ORLEANS:StopArea:00040051,1122
1147,ORLEANS:StopArea:TPTBOR2,1122
1148,ORLEANS:StopArea:TPTBOR1,1123
1149,ORLEANS:StopArea:00040050,1123
1150,ORLEANS:StopArea:00040140,1124
1151,ORLEANS:StopArea:00040141,1125
1152,ORLEANS:StopArea:00040150,1126
1153,ORLEANS:StopArea:06004403,1127
1154,ORLEANS:StopArea:TPEURO2,1128
1155,ORLEANS:StopArea:01004404,1128
1156,ORLEANS:StopArea:TPEURO1,1129
1157,ORLEANS:StopArea:01004406,1130
1158,ORLEANS:StopArea:00040300,1131
1159,ORLEANS:StopArea:00040301,1132
1160,ORLEANS:StopArea:01006504,1133
1161,ORLEANS:StopArea:01006503,1134
1162,ORLEANS:StopArea:01027003,1135
1163,ORLEANS:StopArea:01027004,1136
1164,ORLEANS:StopArea:TPTDUN2,1137
1165,ORLEANS:StopArea:TPTDUN1,1138
1166,ORLEANS:StopArea:01069901,1139
1167,ORLEANS:StopArea:01069902,1140
1168,ORLEANS:StopArea:00041001,1141
1169,ORLEANS:StopArea:00041000,1142
1170,ORLEANS:StopArea:00041021,1143
1171,ORLEANS:StopArea:00041020,1144
1172,ORLEANS:StopArea:00041100,1145
1173,ORLEANS:StopArea:00041101,1146
1174,ORLEANS:StopArea:01012904,1147
1175,ORLEANS:StopArea:01012903,1148
1176,ORLEANS:StopArea:00041500,1149
1177,ORLEANS:StopArea:00041501,1150
1178,ORLEANS:StopArea:00041600,1151
1179,ORLEANS:StopArea:00041602,1152
1180,ORLEANS:StopArea:01035603,1153
1181,ORLEANS:StopArea:01035604,1154
1182,ORLEANS:StopArea:01071202,1155
1183,ORLEANS:StopArea:01071201,1156
1184,ORLEANS:StopArea:00041701,1157
1185,ORLEANS:StopArea:00041700,1158
1186,ORLEANS:StopArea:00036900,1159
1187,ORLEANS:StopArea:00036901,1160
1188,ORLEANS:StopArea:01022901,1161
1189,ORLEANS:StopArea:01022902,1162
1190,ORLEANS:StopArea:01009102,1163
1191,ORLEANS:StopArea:01009101,1164
1192,ORLEANS:StopArea:00041801,1165
1193,ORLEANS:StopArea:00041800,1166
1194,ORLEANS:StopArea:00041910,1167
1195,ORLEANS:StopArea:00041911,1168
1196,ORLEANS:StopArea:00000003,1169
1197,ORLEANS:StopArea:00000004,1170
1198,ORLEANS:StopArea:00041901,1171
1199,ORLEANS:StopArea:00041900,1172
1200,ORLEANS:StopArea:00041920,1173
1201,ORLEANS:StopArea:00041921,1174
1202,ORLEANS:StopArea:00041951,1175
1203,ORLEANS:StopArea:00041950,1176
1204,ORLEANS:StopArea:00000065,1177
1205,ORLEANS:StopArea:00042001,1178
1206,ORLEANS:StopArea:00042000,1179
1207,ORLEANS:StopArea:00042100,1180
1208,ORLEANS:StopArea:00042101,1181
1209,ORLEANS:StopArea:00042254,1182
1210,ORLEANS:StopArea:01026002,1183
1211,ORLEANS:StopArea:00042256,1184
1212,ORLEANS:StopArea:00042257,1185
1213,ORLEANS:StopArea:00042255,1186
1214,ORLEANS:StopArea:00042200,1187
1215,ORLEANS:StopArea:00042201,1188
1216,ORLEANS:StopArea:00005502,1189
1217,ORLEANS:StopArea:00005501,1190
1218,ORLEANS:StopArea:00005503,1191
1219,ORLEANS:StopArea:00005500,1192
1220,ORLEANS:StopArea:00042301,1193
1221,ORLEANS:StopArea:00042300,1194
1222,ORLEANS:StopArea:01023702,1195
1223,ORLEANS:StopArea:00042400,1196
1224,ORLEANS:StopArea:00042420,1197
1225,ORLEANS:StopArea:00042421,1198
1226,ORLEANS:StopArea:00042720,1199
1227,ORLEANS:StopArea:00042721,1200
1228,ORLEANS:StopArea:01029601,1201
1229,ORLEANS:StopArea:00029421,1202
1230,ORLEANS:StopArea:00020801,1203
1231,ORLEANS:StopArea:00020800,1204
1232,ORLEANS:StopArea:01023604,1205
1233,ORLEANS:StopArea:01023603,1206
1234,ORLEANS:StopArea:00043001,1207
1235,ORLEANS:StopArea:00043000,1208
1236,ORLEANS:StopArea:00043301,1209
1237,ORLEANS:StopArea:00043300,1210
1238,ORLEANS:StopArea:TTANGU2,1211
1239,ORLEANS:StopArea:01004503,1211
1240,ORLEANS:StopArea:TTANGU1,1212
1241,ORLEANS:StopArea:01004504,1212
1242,ORLEANS:StopArea:00043310,1213
1243,ORLEANS:StopArea:00043320,1214
1244,ORLEANS:StopArea:00043321,1215
1245,ORLEANS:StopArea:00043442,1216
1246,ORLEANS:StopArea:00043441,1217
1247,ORLEANS:StopArea:00000008,1218
1248,ORLEANS:StopArea:00000007,1219
1249,ORLEANS:StopArea:00043500,1220
1250,ORLEANS:StopArea:00043501,1221
1251,ORLEANS:StopArea:00043600,1222
1252,ORLEANS:StopArea:00043620,1223
1253,ORLEANS:StopArea:00051100,1224
1254,ORLEANS:StopArea:00051101,1225
1255,ORLEANS:StopArea:00045220,1226
1256,ORLEANS:StopArea:00045221,1227
1257,ORLEANS:StopArea:00010000,1228
1258,ORLEANS:StopArea:00010001,1229
1259,ORLEANS:StopArea:00050300,1230
1260,ORLEANS:StopArea:01001406,1231
1261,ORLEANS:StopArea:01001407,1232
1262,ORLEANS:StopArea:TROYAL2,1233
1263,ORLEANS:StopArea:TROYAL1,1234
1264,ORLEANS:StopArea:01001408,1235
1265,ORLEANS:StopArea:00043951,1236
1266,ORLEANS:StopArea:00043950,1237
1267,ORLEANS:StopArea:00055301,1238
1268,ORLEANS:StopArea:00055302,1239
1269,ORLEANS:StopArea:00055300,1240
1270,ORLEANS:StopArea:00043970,1241
1271,ORLEANS:StopArea:00043971,1242
1272,ORLEANS:StopArea:00044100,1243
1273,ORLEANS:StopArea:00044101,1244
1274,ORLEANS:StopArea:00052405,1245
1275,ORLEANS:StopArea:00013702,1246
1276,ORLEANS:StopArea:00013703,1247
1277,ORLEANS:StopArea:00044941,1248
1278,ORLEANS:StopArea:00044940,1249
1279,ORLEANS:StopArea:00045200,1250
1280,ORLEANS:StopArea:00045201,1251
1281,ORLEANS:StopArea:00045301,1252
1282,ORLEANS:StopArea:00045300,1253
1283,ORLEANS:StopArea:00045400,1254
1284,ORLEANS:StopArea:TREPUB1,1255
1285,ORLEANS:StopArea:TREPUB2,1256
1286,ORLEANS:StopArea:01068201,1257
1287,ORLEANS:StopArea:00045505,1258
1288,ORLEANS:StopArea:00045506,1259
1289,ORLEANS:StopArea:00045501,1260
1290,ORLEANS:StopArea:00045502,1261
1291,ORLEANS:StopArea:00045601,1262
1292,ORLEANS:StopArea:00045600,1263
1293,ORLEANS:StopArea:00012001,1264
1294,ORLEANS:StopArea:00012002,1265
1295,ORLEANS:StopArea:01079101,1266
1296,ORLEANS:StopArea:01079102,1267
1297,ORLEANS:StopArea:00040600,1268
1298,ORLEANS:StopArea:00040601,1269
1299,ORLEANS:StopArea:00046202,1270
1300,ORLEANS:StopArea:00046201,1271
1301,ORLEANS:StopArea:00046252,1272
1302,ORLEANS:StopArea:00046250,1273
1303,ORLEANS:StopArea:00046251,1274
1304,ORLEANS:StopArea:01077501,1275
1305,ORLEANS:StopArea:01077502,1276
1306,ORLEANS:StopArea:00046321,1277
1307,ORLEANS:StopArea:00046320,1278
1308,ORLEANS:StopArea:00049600,1279
1309,ORLEANS:StopArea:00049601,1280
1310,ORLEANS:StopArea:00053600,1281
1311,ORLEANS:StopArea:00053601,1282
1312,ORLEANS:StopArea:00046451,1283
1313,ORLEANS:StopArea:00046450,1284
1314,ORLEANS:StopArea:01045504,1285
1315,ORLEANS:StopArea:01045503,1286
1316,ORLEANS:StopArea:00046508,1287
1317,ORLEANS:StopArea:00046510,1288
1318,ORLEANS:StopArea:00046511,1289
1319,ORLEANS:StopArea:00045620,1290
1320,ORLEANS:StopArea:00045621,1291
1321,ORLEANS:StopArea:01014004,1292
1322,ORLEANS:StopArea:01014003,1293
1323,ORLEANS:StopArea:00045851,1294
1324,ORLEANS:StopArea:00045900,1295
1325,ORLEANS:StopArea:00045901,1296
1326,ORLEANS:StopArea:00013705,1297
1327,ORLEANS:StopArea:00013706,1298
1328,ORLEANS:StopArea:00012103,1299
1329,ORLEANS:StopArea:00012120,1300
1330,ORLEANS:StopArea:TCSMAR1,1301
1331,ORLEANS:StopArea:TCSMAR2,1302
1332,ORLEANS:StopArea:00031621,1303
1333,ORLEANS:StopArea:00031620,1304
1334,ORLEANS:StopArea:AF018600,1305
1335,ORLEANS:StopArea:00046100,1306
1336,ORLEANS:StopArea:00046103,1307
1337,ORLEANS:StopArea:00046102,1308
1338,ORLEANS:StopArea:00046521,1309
1339,ORLEANS:StopArea:00046520,1310
1340,ORLEANS:StopArea:01078101,1311
1341,ORLEANS:StopArea:01036003,1312
1342,ORLEANS:StopArea:01036004,1313
1343,ORLEANS:StopArea:00029803,1314
1344,ORLEANS:StopArea:00029800,1315
1345,ORLEANS:StopArea:00029801,1316
1346,ORLEANS:StopArea:00046840,1317
1347,ORLEANS:StopArea:00055500,1318
1348,ORLEANS:StopArea:00047045,1319
1349,ORLEANS:StopArea:00047044,1320
1350,ORLEANS:StopArea:TTFONT1,1321
1351,ORLEANS:StopArea:TTFONT2,1322
1352,ORLEANS:StopArea:01004705,1323
1353,ORLEANS:StopArea:00047046,1324
1354,ORLEANS:StopArea:01010406,1325
1355,ORLEANS:StopArea:01010404,1326
1356,ORLEANS:StopArea:00047151,1327
1357,ORLEANS:StopArea:00047150,1328
1358,ORLEANS:StopArea:00047201,1329
1359,ORLEANS:StopArea:00047200,1330
1360,ORLEANS:StopArea:00051901,1331
1361,ORLEANS:StopArea:00051900,1332
1362,ORLEANS:StopArea:00047320,1333
1363,ORLEANS:StopArea:00047321,1334
1364,ORLEANS:StopArea:TCAMPU2,1335
1365,ORLEANS:StopArea:TCAMPU1,1336
1366,ORLEANS:StopArea:00047371,1337
1367,ORLEANS:StopArea:00047370,1338
1368,ORLEANS:StopArea:00033450,1339
1369,ORLEANS:StopArea:00053101,1340
1370,ORLEANS:StopArea:00053100,1341
1371,ORLEANS:StopArea:01053603,1342
1372,ORLEANS:StopArea:01053604,1343
1373,ORLEANS:StopArea:00047622,1344
1374,ORLEANS:StopArea:00047620,1345
1375,ORLEANS:StopArea:00047721,1346
1376,ORLEANS:StopArea:00047723,1347
1377,ORLEANS:StopArea:01013105,1348
1378,ORLEANS:StopArea:00047700,1349
1379,ORLEANS:StopArea:AF000010,1350
1380,ORLEANS:StopArea:AF021500,1351
1381,ORLEANS:StopArea:00047801,1352
1382,ORLEANS:StopArea:00047800,1353
1383,ORLEANS:StopArea:00027001,1354
1384,ORLEANS:StopArea:00027000,1355
1385,ORLEANS:StopArea:00047903,1356
1386,ORLEANS:StopArea:00047900,1357
1387,ORLEANS:StopArea:00030202,1358
1388,ORLEANS:StopArea:00030203,1359
1389,ORLEANS:StopArea:00048101,1360
1390,ORLEANS:StopArea:00048100,1361
1391,ORLEANS:StopArea:01069801,1362
1392,ORLEANS:StopArea:00048201,1363
1393,ORLEANS:StopArea:TVERVI2,1363
1394,ORLEANS:StopArea:TVERVI1,1364
1395,ORLEANS:StopArea:00048200,1364
1396,ORLEANS:StopArea:01000908,1365
1397,ORLEANS:StopArea:01000904,1366
1398,ORLEANS:StopArea:TVHUGO2,1367
1399,ORLEANS:StopArea:TVHUGO1,1368
1400,ORLEANS:StopArea:01000903,1366
1401,ORLEANS:StopArea:00048302,1370
1402,ORLEANS:StopArea:00048301,1371
1403,ORLEANS:StopArea:00048402,1372
1404,ORLEANS:StopArea:00048403,1373
1405,ORLEANS:StopArea:00048501,1374
1406,ORLEANS:StopArea:00048500,1375
1407,ORLEANS:StopArea:00048601,1376
1408,ORLEANS:StopArea:00048600,1377
1409,ORLEANS:StopArea:00052201,1378
1410,ORLEANS:StopArea:00052200,1379
1411,ORLEANS:StopArea:00048701,1380
1412,ORLEANS:StopArea:00048700,1381
1413,ORLEANS:StopArea:00055603,1382
1414,ORLEANS:StopArea:00055600,1383
1415,ORLEANS:StopArea:00048800,1384
1416,ORLEANS:StopArea:00048801,1385
1417,ORLEANS:StopArea:00052600,1386
1418,ORLEANS:StopArea:00052601,1387
1419,ORLEANS:StopArea:00048850,1388
1420,ORLEANS:StopArea:00048851,1389
1421,ORLEANS:StopArea:00049000,1390
1422,ORLEANS:StopArea:00049001,1391
1423,ORLEANS:StopArea:00049040,1392
1424,ORLEANS:StopArea:00049041,1393
1425,ORLEANS:StopArea:00049101,1394
1426,ORLEANS:StopArea:00049100,1395
1427,ORLEANS:StopArea:01016904,1396
1428,ORLEANS:StopArea:01016903,1397
1429,ORLEANS:StopArea:00048000,1398
1430,ORLEANS:StopArea:00048001,1399
1431,ORLEANS:StopArea:01080601,1400
1432,ORLEANS:StopArea:01080602,1401
1433,ORLEANS:StopArea:TZENIT1,1402
1434,ORLEANS:StopArea:TZENIT2,1403
1435,ORLEANS:StopArea:06001010,1404
1436,ORLEANS:StopArea:01001011,1404
1437,ORLEANS:StopArea:00049161,1405
1438,ORLEANS:StopArea:01001010,1406
1439,ORLEANS:StopArea:01052404,1407
1440,ORLEANS:StopArea:01052403,1408
1441,ORLEANS:StopArea:00021421,1409
1442,ORLEANS:StopArea:00021420,1410
1443,ORLEANS:StopArea:01081901,1415
1444,ORLEANS:StopArea:01081902,1416
1445,ORLEANS:StopArea:01001305,1417
1446,ORLEANS:StopArea:00056204,1418
1447,ORLEANS:StopArea:00056205,1419
1448,ORLEANS:StopArea:00021400,1420
1449,ORLEANS:StopArea:08040303,1421
1450,ORLEANS:StopArea:08040604,1422
1451,BUSTIERE,145
1452,CLOS DU HAMEAU,287
1453,D. DE L'HOMME,408
1454,GARE SNCF D-ORL,472
1455,GAUDIER BRZESKA,503
1456,G. POMPIDOU,514
1457,GARE SNCF CHAP.,706
1458,LIBERATION,825
1459,PT DE L'EUROPE,1128
1460,ROL TANGUY,1211
1461,GARE SNCF ST C.,1298
1462,VICTOR HUGO,1366
1463,ZENITH-P. EXPO.,1402
